vardenis0,pavardenis1,+37061234567891,test@mail.com1
vardenis1,pavardenis1,+37061234567891,test@mail.com1
vardenis2,pavardenis2,+37061234567892,test@mail.com2
vardenis3,pavardenis3,+37061234567893,test@mail.com3

vardenis4,pavardenis4,+37061234567894,test@mail.com4
vardenis5,pavardenis5,+37061234567895,test@mail.com5
vardenis6,pavardenis6,+37061234567896,test@mail.com6
vardenis7,pavardenis7,+37061234567897,test@mail.com7
vardenis8,pavardenis8,+37061234567898,test@mail.com8
vardenis9,pavardenis9,+37061234567899,test@mail.com9